{
    "00_298": 0.05,
    "00_348": 0.05,
    "11_298": 0.075,
    "11_348": 0.075,
    "22_298": 0.13094258,
    "22_348": 0.17041429,
    "33_298": 0.24950568,
    "33_348": 0.47670943,
    "exp": 8.74973208,
    "frac_298": 0.21287682,
    "frac_348": 0.94973001,
    "stretch": 2.75170937
}