{
    "degree_of_polymerization": 100,
    "number_of_chains": 1000,
    "temp": 348,
    "degree_of_substitution": 2.4,
    "init_shape": "random",
    "init_spacing": 14,
    "ds_pattern": null,
    "sub_ratio": {
        "6": 0.7999999999999999,
        "3": 0.7999999999999999,
        "2": 0.7999999999999999
    },
    "random_heterogeneity": 0.0,
    "wt_fraction": 0.02,
    "box_size": 1175.567184774543,
    "cell_eps_300": 0.05,
    "eps_11_300": 0.075,
    "eps_22_300": 0.13094258,
    "mgf_eps_300": 0.24950568,
    "frac_300": 0.21287682,
    "cell_eps_348": 0.05,
    "eps_11_348": 0.075,
    "eps_22_348": 0.17041429,
    "mgf_eps_348": 0.47670943,
    "frac_348": 0.94973001
}